<?xml version="1.0" standalone="yes"?>
<RECORDS>
	<RECORD>
		<id>1</id>
		<name>Nokia</name>
		<logo/>
		<deleted_at/>
		<created_at>7/9/2021 12:33:57</created_at>
		<updated_at>7/9/2021 12:33:57</updated_at>
	</RECORD>
	<RECORD>
		<id>2</id>
		<name>alcatel</name>
		<logo/>
		<deleted_at/>
		<created_at>7/9/2021 12:34:38</created_at>
		<updated_at>7/9/2021 12:34:38</updated_at>
	</RECORD>
	<RECORD>
		<id>3</id>
		<name>Benefon</name>
		<logo/>
		<deleted_at/>
		<created_at>7/9/2021 12:35:17</created_at>
		<updated_at>7/9/2021 12:35:17</updated_at>
	</RECORD>
	<RECORD>
		<id>4</id>
		<name>Samsung</name>
		<logo/>
		<deleted_at/>
		<created_at>7/9/2021 12:35:31</created_at>
		<updated_at>7/9/2021 12:35:31</updated_at>
	</RECORD>
	<RECORD>
		<id>5</id>
		<name>Mitsubishi</name>
		<logo/>
		<deleted_at/>
		<created_at>7/9/2021 12:35:53</created_at>
		<updated_at>7/9/2021 12:35:53</updated_at>
	</RECORD>
	<RECORD>
		<id>6</id>
		<name>Motorola</name>
		<logo/>
		<deleted_at/>
		<created_at>7/9/2021 12:36:16</created_at>
		<updated_at>7/9/2021 12:36:16</updated_at>
	</RECORD>
	<RECORD>
		<id>7</id>
		<name>Siemens</name>
		<logo/>
		<deleted_at/>
		<created_at>7/9/2021 12:37:02</created_at>
		<updated_at>7/9/2021 12:37:02</updated_at>
	</RECORD>
	<RECORD>
		<id>8</id>
		<name>Ericsson</name>
		<logo/>
		<deleted_at/>
		<created_at>7/9/2021 12:37:30</created_at>
		<updated_at>7/9/2021 12:37:30</updated_at>
	</RECORD>
	<RECORD>
		<id>9</id>
		<name>Panasonic</name>
		<logo/>
		<deleted_at/>
		<created_at>7/9/2021 12:38:32</created_at>
		<updated_at>7/9/2021 12:38:32</updated_at>
	</RECORD>
	<RECORD>
		<id>10</id>
		<name>Sony</name>
		<logo/>
		<deleted_at/>
		<created_at>7/9/2021 12:38:47</created_at>
		<updated_at>7/9/2021 12:38:47</updated_at>
	</RECORD>
	<RECORD>
		<id>11</id>
		<name>Bosch</name>
		<logo/>
		<deleted_at/>
		<created_at>7/9/2021 12:39:03</created_at>
		<updated_at>7/9/2021 12:39:03</updated_at>
	</RECORD>
	<RECORD>
		<id>12</id>
		<name>Philips</name>
		<logo/>
		<deleted_at/>
		<created_at>7/9/2021 12:39:25</created_at>
		<updated_at>7/9/2021 12:39:25</updated_at>
	</RECORD>
	<RECORD>
		<id>13</id>
		<name>NEC</name>
		<logo/>
		<deleted_at/>
		<created_at>7/9/2021 12:39:52</created_at>
		<updated_at>7/9/2021 12:39:52</updated_at>
	</RECORD>
	<RECORD>
		<id>14</id>
		<name>Sagem</name>
		<logo/>
		<deleted_at/>
		<created_at>7/9/2021 12:40:02</created_at>
		<updated_at>7/9/2021 12:40:02</updated_at>
	</RECORD>
	<RECORD>
		<id>15</id>
		<name>Maxon</name>
		<logo/>
		<deleted_at/>
		<created_at>7/9/2021 12:40:28</created_at>
		<updated_at>7/9/2021 12:40:28</updated_at>
	</RECORD>
	<RECORD>
		<id>16</id>
		<name>Kyocera</name>
		<logo/>
		<deleted_at/>
		<created_at>7/9/2021 12:41:04</created_at>
		<updated_at>7/9/2021 12:41:04</updated_at>
	</RECORD>
	<RECORD>
		<id>17</id>
		<name>Telit</name>
		<logo/>
		<deleted_at/>
		<created_at>7/9/2021 12:41:07</created_at>
		<updated_at>7/9/2021 12:41:07</updated_at>
	</RECORD>
	<RECORD>
		<id>18</id>
		<name>Sendo</name>
		<logo/>
		<deleted_at/>
		<created_at>7/9/2021 12:42:27</created_at>
		<updated_at>7/9/2021 12:42:27</updated_at>
	</RECORD>
	<RECORD>
		<id>19</id>
		<name>LG</name>
		<logo/>
		<deleted_at/>
		<created_at>7/9/2021 12:49:00</created_at>
		<updated_at>7/9/2021 12:49:00</updated_at>
	</RECORD>
	<RECORD>
		<id>20</id>
		<name>Tel.Me.</name>
		<logo/>
		<deleted_at/>
		<created_at>7/9/2021 12:49:07</created_at>
		<updated_at>7/9/2021 12:49:07</updated_at>
	</RECORD>
	<RECORD>
		<id>21</id>
		<name>Neonode</name>
		<logo/>
		<deleted_at/>
		<created_at>7/9/2021 12:49:19</created_at>
		<updated_at>7/9/2021 12:49:19</updated_at>
	</RECORD>
	<RECORD>
		<id>22</id>
		<name>Sharp</name>
		<logo/>
		<deleted_at/>
		<created_at>8/9/2021 06:24:58</created_at>
		<updated_at>8/9/2021 06:24:58</updated_at>
	</RECORD>
	<RECORD>
		<id>23</id>
		<name>Chea</name>
		<logo/>
		<deleted_at/>
		<created_at>8/9/2021 06:26:22</created_at>
		<updated_at>8/9/2021 06:26:22</updated_at>
	</RECORD>
	<RECORD>
		<id>24</id>
		<name>Mitac</name>
		<logo/>
		<deleted_at/>
		<created_at>8/9/2021 06:34:34</created_at>
		<updated_at>8/9/2021 06:34:34</updated_at>
	</RECORD>
	<RECORD>
		<id>25</id>
		<name>Sewon</name>
		<logo/>
		<deleted_at/>
		<created_at>8/9/2021 06:35:16</created_at>
		<updated_at>8/9/2021 06:35:16</updated_at>
	</RECORD>
	<RECORD>
		<id>26</id>
		<name>Palm</name>
		<logo/>
		<deleted_at/>
		<created_at>8/9/2021 06:35:39</created_at>
		<updated_at>8/9/2021 06:35:39</updated_at>
	</RECORD>
	<RECORD>
		<id>27</id>
		<name>Amoi</name>
		<logo/>
		<deleted_at/>
		<created_at>8/9/2021 06:36:08</created_at>
		<updated_at>8/9/2021 06:36:08</updated_at>
	</RECORD>
	<RECORD>
		<id>28</id>
		<name>Innostream</name>
		<logo/>
		<deleted_at/>
		<created_at>8/9/2021 06:37:15</created_at>
		<updated_at>8/9/2021 06:37:15</updated_at>
	</RECORD>
	<RECORD>
		<id>29</id>
		<name>O2</name>
		<logo/>
		<deleted_at/>
		<created_at>8/9/2021 06:38:36</created_at>
		<updated_at>8/9/2021 06:38:36</updated_at>
	</RECORD>
	<RECORD>
		<id>30</id>
		<name>BenQ</name>
		<logo/>
		<deleted_at/>
		<created_at>8/9/2021 06:40:45</created_at>
		<updated_at>8/9/2021 06:40:45</updated_at>
	</RECORD>
	<RECORD>
		<id>31</id>
		<name>Pantech</name>
		<logo/>
		<deleted_at/>
		<created_at>8/9/2021 06:41:20</created_at>
		<updated_at>8/9/2021 06:41:20</updated_at>
	</RECORD>
	<RECORD>
		<id>32</id>
		<name>Haier</name>
		<logo/>
		<deleted_at/>
		<created_at>8/9/2021 06:44:08</created_at>
		<updated_at>8/9/2021 06:44:08</updated_at>
	</RECORD>
	<RECORD>
		<id>33</id>
		<name>Bird</name>
		<logo/>
		<deleted_at/>
		<created_at>8/9/2021 06:48:37</created_at>
		<updated_at>8/9/2021 06:48:37</updated_at>
	</RECORD>
	<RECORD>
		<id>34</id>
		<name>i-mate</name>
		<logo/>
		<deleted_at/>
		<created_at>8/9/2021 06:48:56</created_at>
		<updated_at>8/9/2021 06:48:56</updated_at>
	</RECORD>
	<RECORD>
		<id>35</id>
		<name>BlackBerry</name>
		<logo/>
		<deleted_at/>
		<created_at>8/9/2021 06:50:51</created_at>
		<updated_at>8/9/2021 06:50:51</updated_at>
	</RECORD>
	<RECORD>
		<id>36</id>
		<name>VK</name>
		<logo/>
		<deleted_at/>
		<created_at>8/9/2021 06:51:35</created_at>
		<updated_at>8/9/2021 06:51:35</updated_at>
	</RECORD>
	<RECORD>
		<id>37</id>
		<name>Qtek</name>
		<logo/>
		<deleted_at/>
		<created_at>8/9/2021 06:57:25</created_at>
		<updated_at>8/9/2021 06:57:25</updated_at>
	</RECORD>
	<RECORD>
		<id>38</id>
		<name>Vertu</name>
		<logo/>
		<deleted_at/>
		<created_at>8/9/2021 06:59:49</created_at>
		<updated_at>8/9/2021 06:59:49</updated_at>
	</RECORD>
	<RECORD>
		<id>39</id>
		<name>Eten</name>
		<logo/>
		<deleted_at/>
		<created_at>8/9/2021 07:00:01</created_at>
		<updated_at>8/9/2021 07:00:01</updated_at>
	</RECORD>
	<RECORD>
		<id>40</id>
		<name>HP</name>
		<logo/>
		<deleted_at/>
		<created_at>8/9/2021 07:03:27</created_at>
		<updated_at>8/9/2021 07:03:27</updated_at>
	</RECORD>
	<RECORD>
		<id>41</id>
		<name>BenQ-Siemens</name>
		<logo/>
		<deleted_at/>
		<created_at>8/9/2021 07:07:56</created_at>
		<updated_at>8/9/2021 07:07:56</updated_at>
	</RECORD>
	<RECORD>
		<id>42</id>
		<name>XCute</name>
		<logo/>
		<deleted_at/>
		<created_at>8/9/2021 07:10:54</created_at>
		<updated_at>8/9/2021 07:10:54</updated_at>
	</RECORD>
	<RECORD>
		<id>43</id>
		<name>Toshiba</name>
		<logo/>
		<deleted_at/>
		<created_at>8/9/2021 07:12:58</created_at>
		<updated_at>8/9/2021 07:12:58</updated_at>
	</RECORD>
	<RECORD>
		<id>44</id>
		<name>HTC</name>
		<logo/>
		<deleted_at/>
		<created_at>8/9/2021 07:18:40</created_at>
		<updated_at>8/9/2021 07:18:40</updated_at>
	</RECORD>
	<RECORD>
		<id>45</id>
		<name>Asus</name>
		<logo/>
		<deleted_at/>
		<created_at>8/9/2021 07:21:42</created_at>
		<updated_at>8/9/2021 07:21:42</updated_at>
	</RECORD>
	<RECORD>
		<id>46</id>
		<name>Gigabyte</name>
		<logo/>
		<deleted_at/>
		<created_at>8/9/2021 07:22:27</created_at>
		<updated_at>8/9/2021 07:22:27</updated_at>
	</RECORD>
	<RECORD>
		<id>47</id>
		<name>Apple</name>
		<logo/>
		<deleted_at/>
		<created_at>8/9/2021 07:25:59</created_at>
		<updated_at>8/9/2021 07:25:59</updated_at>
	</RECORD>
	<RECORD>
		<id>48</id>
		<name>Thuraya</name>
		<logo/>
		<deleted_at/>
		<created_at>8/9/2021 07:30:31</created_at>
		<updated_at>8/9/2021 07:30:31</updated_at>
	</RECORD>
	<RECORD>
		<id>49</id>
		<name>Fujitsu</name>
		<logo/>
		<deleted_at/>
		<created_at>8/9/2021 07:31:45</created_at>
		<updated_at>8/9/2021 07:31:45</updated_at>
	</RECORD>
	<RECORD>
		<id>50</id>
		<name>WND</name>
		<logo/>
		<deleted_at/>
		<created_at>8/9/2021 07:46:19</created_at>
		<updated_at>8/9/2021 07:46:19</updated_at>
	</RECORD>
	<RECORD>
		<id>51</id>
		<name>T-Mobile</name>
		<logo/>
		<deleted_at/>
		<created_at>8/9/2021 07:47:55</created_at>
		<updated_at>8/9/2021 07:47:55</updated_at>
	</RECORD>
	<RECORD>
		<id>52</id>
		<name>i-mobile</name>
		<logo/>
		<deleted_at/>
		<created_at>8/9/2021 13:05:42</created_at>
		<updated_at>8/9/2021 13:05:42</updated_at>
	</RECORD>
	<RECORD>
		<id>53</id>
		<name>Vodafone</name>
		<logo/>
		<deleted_at/>
		<created_at>8/9/2021 13:07:35</created_at>
		<updated_at>8/9/2021 13:07:35</updated_at>
	</RECORD>
	<RECORD>
		<id>54</id>
		<name>Sonim</name>
		<logo/>
		<deleted_at/>
		<created_at>8/9/2021 13:08:27</created_at>
		<updated_at>8/9/2021 13:08:27</updated_at>
	</RECORD>
	<RECORD>
		<id>55</id>
		<name>MWg</name>
		<logo/>
		<deleted_at/>
		<created_at>8/9/2021 13:11:25</created_at>
		<updated_at>8/9/2021 13:11:25</updated_at>
	</RECORD>
	<RECORD>
		<id>56</id>
		<name>AT&amp;T</name>
		<logo/>
		<deleted_at/>
		<created_at>8/9/2021 13:12:47</created_at>
		<updated_at>8/9/2021 13:12:47</updated_at>
	</RECORD>
	<RECORD>
		<id>57</id>
		<name>Huawei</name>
		<logo/>
		<deleted_at/>
		<created_at>8/9/2021 13:13:41</created_at>
		<updated_at>8/9/2021 13:13:41</updated_at>
	</RECORD>
	<RECORD>
		<id>58</id>
		<name>Acer</name>
		<logo/>
		<deleted_at/>
		<created_at>8/9/2021 13:16:57</created_at>
		<updated_at>8/9/2021 13:16:57</updated_at>
	</RECORD>
	<RECORD>
		<id>59</id>
		<name>Garmin-Asus</name>
		<logo/>
		<deleted_at/>
		<created_at>8/9/2021 13:17:11</created_at>
		<updated_at>8/9/2021 13:17:11</updated_at>
	</RECORD>
	<RECORD>
		<id>60</id>
		<name>iNQ</name>
		<logo/>
		<deleted_at/>
		<created_at>8/9/2021 13:41:43</created_at>
		<updated_at>8/9/2021 13:41:43</updated_at>
	</RECORD>
	<RECORD>
		<id>61</id>
		<name>Dell</name>
		<logo/>
		<deleted_at/>
		<created_at>8/9/2021 13:42:05</created_at>
		<updated_at>8/9/2021 13:42:05</updated_at>
	</RECORD>
	<RECORD>
		<id>62</id>
		<name>ZTE</name>
		<logo/>
		<deleted_at/>
		<created_at>8/9/2021 13:45:14</created_at>
		<updated_at>8/9/2021 13:45:14</updated_at>
	</RECORD>
	<RECORD>
		<id>63</id>
		<name>Modu</name>
		<logo/>
		<deleted_at/>
		<created_at>8/9/2021 13:49:47</created_at>
		<updated_at>8/9/2021 13:49:47</updated_at>
	</RECORD>
	<RECORD>
		<id>64</id>
		<name>Microsoft</name>
		<logo/>
		<deleted_at/>
		<created_at>8/9/2021 13:50:35</created_at>
		<updated_at>8/9/2021 13:50:35</updated_at>
	</RECORD>
	<RECORD>
		<id>65</id>
		<name>Micromax</name>
		<logo/>
		<deleted_at/>
		<created_at>8/9/2021 13:51:55</created_at>
		<updated_at>8/9/2021 13:51:55</updated_at>
	</RECORD>
	<RECORD>
		<id>66</id>
		<name>BLU</name>
		<logo/>
		<deleted_at/>
		<created_at>8/9/2021 14:00:12</created_at>
		<updated_at>8/9/2021 14:00:12</updated_at>
	</RECORD>
	<RECORD>
		<id>67</id>
		<name>Spice</name>
		<logo/>
		<deleted_at/>
		<created_at>8/9/2021 14:03:10</created_at>
		<updated_at>8/9/2021 14:03:10</updated_at>
	</RECORD>
	<RECORD>
		<id>68</id>
		<name>Icemobile</name>
		<logo/>
		<deleted_at/>
		<created_at>9/9/2021 06:25:43</created_at>
		<updated_at>9/9/2021 06:25:43</updated_at>
	</RECORD>
	<RECORD>
		<id>69</id>
		<name>verykool</name>
		<logo/>
		<deleted_at/>
		<created_at>9/9/2021 06:27:02</created_at>
		<updated_at>9/9/2021 06:27:02</updated_at>
	</RECORD>
	<RECORD>
		<id>70</id>
		<name>Orange</name>
		<logo/>
		<deleted_at/>
		<created_at>9/9/2021 12:52:44</created_at>
		<updated_at>9/9/2021 12:52:44</updated_at>
	</RECORD>
	<RECORD>
		<id>71</id>
		<name>Plum</name>
		<logo/>
		<deleted_at/>
		<created_at>9/9/2021 12:56:11</created_at>
		<updated_at>9/9/2021 12:56:11</updated_at>
	</RECORD>
	<RECORD>
		<id>72</id>
		<name>Honor</name>
		<logo/>
		<deleted_at/>
		<created_at>9/9/2021 12:58:13</created_at>
		<updated_at>9/9/2021 12:58:13</updated_at>
	</RECORD>
	<RECORD>
		<id>73</id>
		<name>Meizu</name>
		<logo/>
		<deleted_at/>
		<created_at>9/9/2021 13:42:32</created_at>
		<updated_at>9/9/2021 13:42:32</updated_at>
	</RECORD>
	<RECORD>
		<id>74</id>
		<name>Lenovo</name>
		<logo/>
		<deleted_at/>
		<created_at>9/9/2021 13:44:41</created_at>
		<updated_at>9/9/2021 13:44:41</updated_at>
	</RECORD>
	<RECORD>
		<id>75</id>
		<name>Celkon</name>
		<logo/>
		<deleted_at/>
		<created_at>9/9/2021 13:46:47</created_at>
		<updated_at>9/9/2021 13:46:47</updated_at>
	</RECORD>
	<RECORD>
		<id>76</id>
		<name>Amazon</name>
		<logo/>
		<deleted_at/>
		<created_at>9/9/2021 13:48:53</created_at>
		<updated_at>9/9/2021 13:48:53</updated_at>
	</RECORD>
	<RECORD>
		<id>77</id>
		<name>Casio</name>
		<logo/>
		<deleted_at/>
		<created_at>9/9/2021 13:50:04</created_at>
		<updated_at>9/9/2021 13:50:04</updated_at>
	</RECORD>
	<RECORD>
		<id>78</id>
		<name>NIU</name>
		<logo/>
		<deleted_at/>
		<created_at>9/9/2021 13:55:40</created_at>
		<updated_at>9/9/2021 13:55:40</updated_at>
	</RECORD>
	<RECORD>
		<id>79</id>
		<name>Yezz</name>
		<logo/>
		<deleted_at/>
		<created_at>9/9/2021 13:56:16</created_at>
		<updated_at>9/9/2021 13:56:16</updated_at>
	</RECORD>
	<RECORD>
		<id>80</id>
		<name>Xiaomi</name>
		<logo/>
		<deleted_at/>
		<created_at>9/9/2021 14:07:42</created_at>
		<updated_at>9/9/2021 14:07:42</updated_at>
	</RECORD>
	<RECORD>
		<id>81</id>
		<name>Parla</name>
		<logo/>
		<deleted_at/>
		<created_at>9/9/2021 14:11:51</created_at>
		<updated_at>9/9/2021 14:11:51</updated_at>
	</RECORD>
	<RECORD>
		<id>82</id>
		<name>Oppo</name>
		<logo/>
		<deleted_at/>
		<created_at>9/9/2021 14:18:40</created_at>
		<updated_at>9/9/2021 14:18:40</updated_at>
	</RECORD>
	<RECORD>
		<id>83</id>
		<name>Karbonn</name>
		<logo/>
		<deleted_at/>
		<created_at>9/9/2021 14:19:21</created_at>
		<updated_at>9/9/2021 14:19:21</updated_at>
	</RECORD>
	<RECORD>
		<id>84</id>
		<name>Jolla</name>
		<logo/>
		<deleted_at/>
		<created_at>9/9/2021 14:31:51</created_at>
		<updated_at>9/9/2021 14:31:51</updated_at>
	</RECORD>
	<RECORD>
		<id>85</id>
		<name>XOLO</name>
		<logo/>
		<deleted_at/>
		<created_at>9/9/2021 14:35:05</created_at>
		<updated_at>9/9/2021 14:35:05</updated_at>
	</RECORD>
	<RECORD>
		<id>86</id>
		<name>Prestigio</name>
		<logo/>
		<deleted_at/>
		<created_at>9/9/2021 14:36:33</created_at>
		<updated_at>9/9/2021 14:36:33</updated_at>
	</RECORD>
	<RECORD>
		<id>87</id>
		<name>Maxwest</name>
		<logo/>
		<deleted_at/>
		<created_at>9/9/2021 16:45:31</created_at>
		<updated_at>9/9/2021 16:45:31</updated_at>
	</RECORD>
	<RECORD>
		<id>88</id>
		<name>Cat</name>
		<logo/>
		<deleted_at/>
		<created_at>9/9/2021 21:45:59</created_at>
		<updated_at>9/9/2021 21:45:59</updated_at>
	</RECORD>
	<RECORD>
		<id>89</id>
		<name>Allview</name>
		<logo/>
		<deleted_at/>
		<created_at>9/9/2021 21:46:29</created_at>
		<updated_at>9/9/2021 21:46:29</updated_at>
	</RECORD>
	<RECORD>
		<id>90</id>
		<name>Unnecto</name>
		<logo/>
		<deleted_at/>
		<created_at>9/9/2021 21:46:40</created_at>
		<updated_at>9/9/2021 21:46:40</updated_at>
	</RECORD>
	<RECORD>
		<id>91</id>
		<name>Archos</name>
		<logo/>
		<deleted_at/>
		<created_at>9/9/2021 21:48:50</created_at>
		<updated_at>9/9/2021 21:48:50</updated_at>
	</RECORD>
	<RECORD>
		<id>92</id>
		<name>Gionee</name>
		<logo/>
		<deleted_at/>
		<created_at>9/9/2021 21:50:01</created_at>
		<updated_at>9/9/2021 21:50:01</updated_at>
	</RECORD>
	<RECORD>
		<id>93</id>
		<name>Emporia</name>
		<logo/>
		<deleted_at/>
		<created_at>9/9/2021 21:55:52</created_at>
		<updated_at>9/9/2021 21:55:52</updated_at>
	</RECORD>
	<RECORD>
		<id>94</id>
		<name>Lava</name>
		<logo/>
		<deleted_at/>
		<created_at>9/9/2021 21:57:09</created_at>
		<updated_at>9/9/2021 21:57:09</updated_at>
	</RECORD>
	<RECORD>
		<id>95</id>
		<name>OnePlus</name>
		<logo/>
		<deleted_at/>
		<created_at>9/9/2021 22:00:03</created_at>
		<updated_at>9/9/2021 22:00:03</updated_at>
	</RECORD>
	<RECORD>
		<id>96</id>
		<name>Wiko</name>
		<logo/>
		<deleted_at/>
		<created_at>9/9/2021 22:05:45</created_at>
		<updated_at>9/9/2021 22:05:45</updated_at>
	</RECORD>
	<RECORD>
		<id>97</id>
		<name>Nvidia</name>
		<logo/>
		<deleted_at/>
		<created_at>9/9/2021 22:11:23</created_at>
		<updated_at>9/9/2021 22:11:23</updated_at>
	</RECORD>
	<RECORD>
		<id>98</id>
		<name>vivo</name>
		<logo/>
		<deleted_at/>
		<created_at>9/9/2021 22:19:51</created_at>
		<updated_at>9/9/2021 22:19:51</updated_at>
	</RECORD>
	<RECORD>
		<id>99</id>
		<name>Yota</name>
		<logo/>
		<deleted_at/>
		<created_at>9/9/2021 22:27:06</created_at>
		<updated_at>9/9/2021 22:27:06</updated_at>
	</RECORD>
	<RECORD>
		<id>100</id>
		<name>YU</name>
		<logo/>
		<deleted_at/>
		<created_at>9/9/2021 22:28:14</created_at>
		<updated_at>9/9/2021 22:28:14</updated_at>
	</RECORD>
	<RECORD>
		<id>101</id>
		<name>Posh</name>
		<logo/>
		<deleted_at/>
		<created_at>9/9/2021 22:36:12</created_at>
		<updated_at>9/9/2021 22:36:12</updated_at>
	</RECORD>
	<RECORD>
		<id>102</id>
		<name>Intex</name>
		<logo/>
		<deleted_at/>
		<created_at>9/9/2021 22:41:57</created_at>
		<updated_at>9/9/2021 22:41:57</updated_at>
	</RECORD>
	<RECORD>
		<id>103</id>
		<name>QMobile</name>
		<logo/>
		<deleted_at/>
		<created_at>9/9/2021 22:42:36</created_at>
		<updated_at>9/9/2021 22:42:36</updated_at>
	</RECORD>
	<RECORD>
		<id>104</id>
		<name>Coolpad</name>
		<logo/>
		<deleted_at/>
		<created_at>9/9/2021 22:52:29</created_at>
		<updated_at>9/9/2021 22:52:29</updated_at>
	</RECORD>
	<RECORD>
		<id>105</id>
		<name>Energizer</name>
		<logo/>
		<deleted_at/>
		<created_at>9/9/2021 22:59:31</created_at>
		<updated_at>9/9/2021 22:59:31</updated_at>
	</RECORD>
	<RECORD>
		<id>106</id>
		<name>Google</name>
		<logo/>
		<deleted_at/>
		<created_at>9/9/2021 23:04:55</created_at>
		<updated_at>9/9/2021 23:04:55</updated_at>
	</RECORD>
	<RECORD>
		<id>107</id>
		<name>BQ</name>
		<logo/>
		<deleted_at/>
		<created_at>9/9/2021 23:05:21</created_at>
		<updated_at>9/9/2021 23:05:21</updated_at>
	</RECORD>
	<RECORD>
		<id>108</id>
		<name>LeEco</name>
		<logo/>
		<deleted_at/>
		<created_at>9/9/2021 23:14:44</created_at>
		<updated_at>9/9/2021 23:14:44</updated_at>
	</RECORD>
	<RECORD>
		<id>109</id>
		<name>Razer</name>
		<logo/>
		<deleted_at/>
		<created_at>9/9/2021 23:52:40</created_at>
		<updated_at>9/9/2021 23:52:40</updated_at>
	</RECORD>
	<RECORD>
		<id>110</id>
		<name>Blackview</name>
		<logo/>
		<deleted_at/>
		<created_at>9/9/2021 23:57:37</created_at>
		<updated_at>9/9/2021 23:57:37</updated_at>
	</RECORD>
	<RECORD>
		<id>111</id>
		<name>Ulefone</name>
		<logo/>
		<deleted_at/>
		<created_at>10/9/2021 00:00:19</created_at>
		<updated_at>10/9/2021 00:00:19</updated_at>
	</RECORD>
	<RECORD>
		<id>112</id>
		<name>Realme</name>
		<logo/>
		<deleted_at/>
		<created_at>10/9/2021 00:04:37</created_at>
		<updated_at>10/9/2021 00:04:37</updated_at>
	</RECORD>
	<RECORD>
		<id>113</id>
		<name>Infinix</name>
		<logo/>
		<deleted_at/>
		<created_at>10/9/2021 00:14:16</created_at>
		<updated_at>10/9/2021 00:14:16</updated_at>
	</RECORD>
	<RECORD>
		<id>114</id>
		<name>Tecno</name>
		<logo/>
		<deleted_at/>
		<created_at>10/9/2021 00:15:14</created_at>
		<updated_at>10/9/2021 00:15:14</updated_at>
	</RECORD>
	<RECORD>
		<id>115</id>
		<name>TCL</name>
		<logo/>
		<deleted_at/>
		<created_at>10/9/2021 00:33:05</created_at>
		<updated_at>10/9/2021 00:33:05</updated_at>
	</RECORD>
	<RECORD>
		<id>116</id>
		<name>Fairphone</name>
		<logo/>
		<deleted_at/>
		<created_at>10/9/2021 00:42:41</created_at>
		<updated_at>10/9/2021 00:42:41</updated_at>
	</RECORD>
</RECORDS>

